<ImportExportXml version="9.2.22094.168" SolutionPackageVersion="9.2" languagecode="1033" generatedBy="CrmLive" xmlns:xsi="http://www.w3.org/2001/XMLSchema-instance">
  <SolutionManifest>
    <UniqueName>EnvironmentCapacityTrackingCoE</UniqueName>
    <LocalizedNames>
      <LocalizedName description="Environment Capacity Tracking - CoE" languagecode="1033" />
    </LocalizedNames>
    <Descriptions />
    <Version>1.0.0.1</Version>
    <Managed>1</Managed>
    <Publisher>
      <UniqueName>TheCRMNinja</UniqueName>
      <LocalizedNames>
        <LocalizedName description="The CRM Ninja" languagecode="1033" />
      </LocalizedNames>
      <Descriptions />
      <EMailAddress xsi:nil="true"></EMailAddress>
      <SupportingWebsiteUrl>aka.ms/thecrmninja</SupportingWebsiteUrl>
      <CustomizationPrefix>tcn</CustomizationPrefix>
      <CustomizationOptionValuePrefix>92879</CustomizationOptionValuePrefix>
      <Addresses>
        <Address>
          <AddressNumber>1</AddressNumber>
          <AddressTypeCode>1</AddressTypeCode>
          <City xsi:nil="true"></City>
          <County xsi:nil="true"></County>
          <Country xsi:nil="true"></Country>
          <Fax xsi:nil="true"></Fax>
          <FreightTermsCode xsi:nil="true"></FreightTermsCode>
          <ImportSequenceNumber xsi:nil="true"></ImportSequenceNumber>
          <Latitude xsi:nil="true"></Latitude>
          <Line1 xsi:nil="true"></Line1>
          <Line2 xsi:nil="true"></Line2>
          <Line3 xsi:nil="true"></Line3>
          <Longitude xsi:nil="true"></Longitude>
          <Name xsi:nil="true"></Name>
          <PostalCode xsi:nil="true"></PostalCode>
          <PostOfficeBox xsi:nil="true"></PostOfficeBox>
          <PrimaryContactName xsi:nil="true"></PrimaryContactName>
          <ShippingMethodCode>1</ShippingMethodCode>
          <StateOrProvince xsi:nil="true"></StateOrProvince>
          <Telephone1 xsi:nil="true"></Telephone1>
          <Telephone2 xsi:nil="true"></Telephone2>
          <Telephone3 xsi:nil="true"></Telephone3>
          <TimeZoneRuleVersionNumber xsi:nil="true"></TimeZoneRuleVersionNumber>
          <UPSZone xsi:nil="true"></UPSZone>
          <UTCOffset xsi:nil="true"></UTCOffset>
          <UTCConversionTimeZoneCode xsi:nil="true"></UTCConversionTimeZoneCode>
        </Address>
        <Address>
          <AddressNumber>2</AddressNumber>
          <AddressTypeCode>1</AddressTypeCode>
          <City xsi:nil="true"></City>
          <County xsi:nil="true"></County>
          <Country xsi:nil="true"></Country>
          <Fax xsi:nil="true"></Fax>
          <FreightTermsCode xsi:nil="true"></FreightTermsCode>
          <ImportSequenceNumber xsi:nil="true"></ImportSequenceNumber>
          <Latitude xsi:nil="true"></Latitude>
          <Line1 xsi:nil="true"></Line1>
          <Line2 xsi:nil="true"></Line2>
          <Line3 xsi:nil="true"></Line3>
          <Longitude xsi:nil="true"></Longitude>
          <Name xsi:nil="true"></Name>
          <PostalCode xsi:nil="true"></PostalCode>
          <PostOfficeBox xsi:nil="true"></PostOfficeBox>
          <PrimaryContactName xsi:nil="true"></PrimaryContactName>
          <ShippingMethodCode>1</ShippingMethodCode>
          <StateOrProvince xsi:nil="true"></StateOrProvince>
          <Telephone1 xsi:nil="true"></Telephone1>
          <Telephone2 xsi:nil="true"></Telephone2>
          <Telephone3 xsi:nil="true"></Telephone3>
          <TimeZoneRuleVersionNumber xsi:nil="true"></TimeZoneRuleVersionNumber>
          <UPSZone xsi:nil="true"></UPSZone>
          <UTCOffset xsi:nil="true"></UTCOffset>
          <UTCConversionTimeZoneCode xsi:nil="true"></UTCConversionTimeZoneCode>
        </Address>
      </Addresses>
    </Publisher>
    <RootComponents>
      <RootComponent type="1" schemaName="admin_environment" behavior="2" />
      <RootComponent type="1" schemaName="tcn_environmentcapacitytracking" behavior="0" />
      <RootComponent type="20" id="{7c507293-aaf0-ec11-bb3c-00224800a8ab}" behavior="0" />
      <RootComponent type="29" id="{ca7a0f36-e7f2-ec11-bb3c-00224800a8ab}" behavior="0" />
      <RootComponent type="60" id="{d0faab83-132d-ed11-9db1-0022481b5caa}" behavior="0" />
      <RootComponent type="61" schemaName="tcn_CapacityTracking" behavior="0" />
      <RootComponent type="62" schemaName="tcn_EnvironmentCapacityTracking" behavior="0" />
      <RootComponent type="80" schemaName="tcn_EnvironmentCapacityTracking" behavior="0" />
    </RootComponents>
    <MissingDependencies>
      <MissingDependency>
        <Required type="1" schemaName="admin_app" displayName="PowerApps App" solution="CenterofExcellenceCoreComponents (3.38)" />
        <Dependent type="60" displayName="Environment Form - Capacity Tracking" parentDisplayName="Environment" id="{898bd883-98f4-4ee4-8221-29b1c39912ed}" />
      </MissingDependency>
      <MissingDependency>
        <Required type="1" schemaName="admin_connector" displayName="PowerApps Connector" solution="CenterofExcellenceCoreComponents (3.38)" />
        <Dependent type="60" displayName="Environment Form - Capacity Tracking" parentDisplayName="Environment" id="{898bd883-98f4-4ee4-8221-29b1c39912ed}" />
      </MissingDependency>
      <MissingDependency>
        <Required type="1" schemaName="admin_environment" displayName="Environment" solution="CenterofExcellenceCoreComponents (3.38)" />
        <Dependent type="1" schemaName="admin_environment" displayName="Environment" />
      </MissingDependency>
      <MissingDependency>
        <Required type="1" schemaName="admin_environment" displayName="Environment" solution="CenterofExcellenceCoreComponents (3.38)" />
        <Dependent type="10" schemaName="tcn_tcn_environmentcapacitytracking_Environme" displayName="tcn_tcn_environmentcapacitytracking_Environme" parentSchemaName="admin_environment" parentDisplayName="Environment" />
      </MissingDependency>
      <MissingDependency>
        <Required type="1" schemaName="admin_environment" displayName="Environment" solution="CenterofExcellenceCoreComponents (3.38)" />
        <Dependent type="29" displayName="Get Environment Capacity Tracking information - CoE" id="{ca7a0f36-e7f2-ec11-bb3c-00224800a8ab}" />
      </MissingDependency>
      <MissingDependency>
        <Required type="1" schemaName="admin_environment" displayName="Environment" solution="CenterofExcellenceCoreComponents (3.38)" />
        <Dependent type="62" schemaName="tcn_EnvironmentCapacityTracking" />
      </MissingDependency>
      <MissingDependency>
        <Required type="1" schemaName="admin_environment" displayName="Environment" solution="CenterofExcellenceCoreComponents (3.38)" />
        <Dependent type="80" schemaName="tcn_EnvironmentCapacityTracking" displayName="Environment Capacity Tracking" />
      </MissingDependency>
      <MissingDependency>
        <Required type="1" schemaName="admin_environmentaddons" displayName="Environment Addons" solution="CenterofExcellenceCoreComponents (3.38)" />
        <Dependent type="60" displayName="Environment Form - Capacity Tracking" parentDisplayName="Environment" id="{898bd883-98f4-4ee4-8221-29b1c39912ed}" />
      </MissingDependency>
      <MissingDependency>
        <Required type="1" schemaName="admin_environmentcapacity" displayName="Environment Capacity" solution="CenterofExcellenceCoreComponents (3.38)" />
        <Dependent type="60" displayName="Environment Form - Capacity Tracking" parentDisplayName="Environment" id="{898bd883-98f4-4ee4-8221-29b1c39912ed}" />
      </MissingDependency>
      <MissingDependency>
        <Required type="1" schemaName="admin_flow" displayName="Flow" solution="CenterofExcellenceCoreComponents (3.38)" />
        <Dependent type="60" displayName="Environment Form - Capacity Tracking" parentDisplayName="Environment" id="{898bd883-98f4-4ee4-8221-29b1c39912ed}" />
      </MissingDependency>
      <MissingDependency>
        <Required type="1" schemaName="admin_pva" displayName="PVA" solution="CenterofExcellenceCoreComponents (3.38)" />
        <Dependent type="60" displayName="Environment Form - Capacity Tracking" parentDisplayName="Environment" id="{898bd883-98f4-4ee4-8221-29b1c39912ed}" />
      </MissingDependency>
      <MissingDependency>
        <Required type="1" schemaName="admin_rpa" displayName="Desktop flow" solution="CenterofExcellenceCoreComponents (3.38)" />
        <Dependent type="60" displayName="Environment Form - Capacity Tracking" parentDisplayName="Environment" id="{898bd883-98f4-4ee4-8221-29b1c39912ed}" />
      </MissingDependency>
      <MissingDependency>
        <Required type="10" schemaName="admin_EnvironmentAddons_Environment_admin" displayName="admin_EnvironmentAddons_Environment_admin" parentSchemaName="admin_environment" parentDisplayName="Environment" solution="CenterofExcellenceCoreComponents (3.38)" />
        <Dependent type="60" displayName="Environment Form - Capacity Tracking" parentDisplayName="Environment" id="{898bd883-98f4-4ee4-8221-29b1c39912ed}" />
      </MissingDependency>
      <MissingDependency>
        <Required type="10" schemaName="admin_Flow_FlowEnvironment_admin_Environm" displayName="admin_Flow_FlowEnvironment_admin_Environm" parentSchemaName="admin_environment" parentDisplayName="Environment" solution="CenterofExcellenceCoreComponents (3.38)" />
        <Dependent type="60" displayName="Environment Form - Capacity Tracking" parentDisplayName="Environment" id="{898bd883-98f4-4ee4-8221-29b1c39912ed}" />
      </MissingDependency>
      <MissingDependency>
        <Required type="10" schemaName="admin_rel_AppEnvironment" displayName="admin_rel_AppEnvironment" parentSchemaName="admin_environment" parentDisplayName="Environment" solution="CenterofExcellenceCoreComponents (3.38)" />
        <Dependent type="60" displayName="Environment Form - Capacity Tracking" parentDisplayName="Environment" id="{898bd883-98f4-4ee4-8221-29b1c39912ed}" />
      </MissingDependency>
      <MissingDependency>
        <Required type="10" schemaName="admin_rel_Environment_CustomConnector" displayName="admin_rel_Environment_CustomConnector" parentSchemaName="admin_environment" parentDisplayName="Environment" solution="CenterofExcellenceCoreComponents (3.38)" />
        <Dependent type="60" displayName="Environment Form - Capacity Tracking" parentDisplayName="Environment" id="{898bd883-98f4-4ee4-8221-29b1c39912ed}" />
      </MissingDependency>
      <MissingDependency>
        <Required type="10" schemaName="admin_rel_PVAEnvironment" displayName="admin_rel_PVAEnvironment" parentSchemaName="admin_environment" parentDisplayName="Environment" solution="CenterofExcellenceCoreComponents (3.38)" />
        <Dependent type="60" displayName="Environment Form - Capacity Tracking" parentDisplayName="Environment" id="{898bd883-98f4-4ee4-8221-29b1c39912ed}" />
      </MissingDependency>
      <MissingDependency>
        <Required type="10" schemaName="admin_RPA_DesktopflowEnvironment_admin_En" displayName="admin_RPA_DesktopflowEnvironment_admin_En" parentSchemaName="admin_environment" parentDisplayName="Environment" solution="CenterofExcellenceCoreComponents (3.38)" />
        <Dependent type="60" displayName="Environment Form - Capacity Tracking" parentDisplayName="Environment" id="{898bd883-98f4-4ee4-8221-29b1c39912ed}" />
      </MissingDependency>
      <MissingDependency>
        <Required type="10" schemaName="admin_Environment_BusinessArea_admin_Envi" displayName="admin_Environment_BusinessArea_admin_Envi" parentSchemaName="admin_environmentbusinessarea" parentDisplayName="Environment Business Area" solution="CenterofExcellenceCoreComponents (3.38)" />
        <Dependent type="60" displayName="Environment Form - Capacity Tracking" parentDisplayName="Environment" id="{898bd883-98f4-4ee4-8221-29b1c39912ed}" />
      </MissingDependency>
      <MissingDependency>
        <Required type="10" schemaName="admin_EnvironmentMaker" displayName="admin_EnvironmentMaker" parentSchemaName="admin_maker" parentDisplayName="Maker" solution="CenterofExcellenceCoreComponents (3.38)" />
        <Dependent type="60" displayName="Environment Form - Capacity Tracking" parentDisplayName="Environment" id="{898bd883-98f4-4ee4-8221-29b1c39912ed}" />
      </MissingDependency>
      <MissingDependency>
        <Required type="2" schemaName="admin_adminmicrosoftteamsenvironmentstatus" displayName="Admin - Microsoft Teams Environment Status" parentSchemaName="admin_environment" parentDisplayName="Environment" solution="CenterofExcellenceCoreComponents (3.38)" />
        <Dependent type="60" displayName="Environment Form - Capacity Tracking" parentDisplayName="Environment" id="{898bd883-98f4-4ee4-8221-29b1c39912ed}" />
      </MissingDependency>
      <MissingDependency>
        <Required type="2" schemaName="admin_adminreason" displayName="Admin - Status Reason" parentSchemaName="admin_environment" parentDisplayName="Environment" solution="CenterofExcellenceCoreComponents (3.38)" />
        <Dependent type="60" displayName="Environment Form - Capacity Tracking" parentDisplayName="Environment" id="{898bd883-98f4-4ee4-8221-29b1c39912ed}" />
      </MissingDependency>
      <MissingDependency>
        <Required type="2" schemaName="admin_adminreviewon" displayName="Admin - Review Teams Environment Status On" parentSchemaName="admin_environment" parentDisplayName="Environment" solution="CenterofExcellenceCoreComponents (3.38)" />
        <Dependent type="60" displayName="Environment Form - Capacity Tracking" parentDisplayName="Environment" id="{898bd883-98f4-4ee4-8221-29b1c39912ed}" />
      </MissingDependency>
      <MissingDependency>
        <Required type="2" schemaName="admin_businessarea" displayName="Business Area" parentSchemaName="admin_environment" parentDisplayName="Environment" solution="CenterofExcellenceCoreComponents (3.38)" />
        <Dependent type="60" displayName="Environment Form - Capacity Tracking" parentDisplayName="Environment" id="{898bd883-98f4-4ee4-8221-29b1c39912ed}" />
      </MissingDependency>
      <MissingDependency>
        <Required type="2" schemaName="admin_businessjustificationdate" displayName="Date Asked for Business Justification" parentSchemaName="admin_environment" parentDisplayName="Environment" solution="CenterofExcellenceCoreComponents (3.38)" />
        <Dependent type="60" displayName="Environment Form - Capacity Tracking" parentDisplayName="Environment" id="{898bd883-98f4-4ee4-8221-29b1c39912ed}" />
      </MissingDependency>
      <MissingDependency>
        <Required type="2" schemaName="admin_displayname" displayName="Display Name" parentSchemaName="admin_environment" parentDisplayName="Environment" solution="CenterofExcellenceCoreComponents (3.38)" />
        <Dependent type="10" schemaName="tcn_tcn_environmentcapacitytracking_Environme" displayName="tcn_tcn_environmentcapacitytracking_Environme" parentSchemaName="admin_environment" parentDisplayName="Environment" />
      </MissingDependency>
      <MissingDependency>
        <Required type="2" schemaName="admin_displayname" displayName="Display Name" parentSchemaName="admin_environment" parentDisplayName="Environment" solution="CenterofExcellenceCoreComponents (3.38)" />
        <Dependent type="60" displayName="Environment Form - Capacity Tracking" parentDisplayName="Environment" id="{898bd883-98f4-4ee4-8221-29b1c39912ed}" />
      </MissingDependency>
      <MissingDependency>
        <Required type="2" schemaName="admin_environmentcdsinstanceurl" displayName="Environment CDS Instance URL" parentSchemaName="admin_environment" parentDisplayName="Environment" solution="CenterofExcellenceCoreComponents (3.38)" />
        <Dependent type="60" displayName="Environment Form - Capacity Tracking" parentDisplayName="Environment" id="{898bd883-98f4-4ee4-8221-29b1c39912ed}" />
      </MissingDependency>
      <MissingDependency>
        <Required type="2" schemaName="admin_environmentcreatedon" displayName="Environment Created On" parentSchemaName="admin_environment" parentDisplayName="Environment" solution="CenterofExcellenceCoreComponents (3.38)" />
        <Dependent type="60" displayName="Environment Form - Capacity Tracking" parentDisplayName="Environment" id="{898bd883-98f4-4ee4-8221-29b1c39912ed}" />
      </MissingDependency>
      <MissingDependency>
        <Required type="2" schemaName="admin_environmentdeleted" displayName="Environment Deleted" parentSchemaName="admin_environment" parentDisplayName="Environment" solution="CenterofExcellenceCoreComponents (3.38)" />
        <Dependent type="60" displayName="Environment Form - Capacity Tracking" parentDisplayName="Environment" id="{898bd883-98f4-4ee4-8221-29b1c39912ed}" />
      </MissingDependency>
      <MissingDependency>
        <Required type="2" schemaName="admin_environmentdeletedon" displayName="Environment Deleted On" parentSchemaName="admin_environment" parentDisplayName="Environment" solution="CenterofExcellenceCoreComponents (3.38)" />
        <Dependent type="60" displayName="Environment Form - Capacity Tracking" parentDisplayName="Environment" id="{898bd883-98f4-4ee4-8221-29b1c39912ed}" />
      </MissingDependency>
      <MissingDependency>
        <Required type="2" schemaName="admin_environmentid" displayName="Environment" parentSchemaName="admin_environment" parentDisplayName="Environment" solution="CenterofExcellenceCoreComponents (3.38)" />
        <Dependent type="10" schemaName="tcn_tcn_environmentcapacitytracking_Environme" displayName="tcn_tcn_environmentcapacitytracking_Environme" parentSchemaName="admin_environment" parentDisplayName="Environment" />
      </MissingDependency>
      <MissingDependency>
        <Required type="2" schemaName="admin_environmentisorphaned" displayName="Environment is Orphaned" parentSchemaName="admin_environment" parentDisplayName="Environment" solution="CenterofExcellenceCoreComponents (3.38)" />
        <Dependent type="60" displayName="Environment Form - Capacity Tracking" parentDisplayName="Environment" id="{898bd883-98f4-4ee4-8221-29b1c39912ed}" />
      </MissingDependency>
      <MissingDependency>
        <Required type="2" schemaName="admin_environmentmakerdisplayname" displayName="Environment Maker Display Name" parentSchemaName="admin_environment" parentDisplayName="Environment" solution="CenterofExcellenceCoreComponents (3.38)" />
        <Dependent type="60" displayName="Environment Form - Capacity Tracking" parentDisplayName="Environment" id="{898bd883-98f4-4ee4-8221-29b1c39912ed}" />
      </MissingDependency>
      <MissingDependency>
        <Required type="2" schemaName="admin_environmentmodifiedon" displayName="Environment Modified On" parentSchemaName="admin_environment" parentDisplayName="Environment" solution="CenterofExcellenceCoreComponents (3.38)" />
        <Dependent type="60" displayName="Environment Form - Capacity Tracking" parentDisplayName="Environment" id="{898bd883-98f4-4ee4-8221-29b1c39912ed}" />
      </MissingDependency>
      <MissingDependency>
        <Required type="2" schemaName="admin_environmentname" displayName="Name" parentSchemaName="admin_environment" parentDisplayName="Environment" solution="CenterofExcellenceCoreComponents (3.38)" />
        <Dependent type="60" displayName="Environment Form - Capacity Tracking" parentDisplayName="Environment" id="{898bd883-98f4-4ee4-8221-29b1c39912ed}" />
      </MissingDependency>
      <MissingDependency>
        <Required type="2" schemaName="admin_environmentowner" displayName="Environment Owner" parentSchemaName="admin_environment" parentDisplayName="Environment" solution="CenterofExcellenceCoreComponents (3.38)" />
        <Dependent type="60" displayName="Environment Form - Capacity Tracking" parentDisplayName="Environment" id="{898bd883-98f4-4ee4-8221-29b1c39912ed}" />
      </MissingDependency>
      <MissingDependency>
        <Required type="2" schemaName="admin_environmentpurpose" displayName="Environment Purpose" parentSchemaName="admin_environment" parentDisplayName="Environment" solution="CenterofExcellenceCoreComponents (3.38)" />
        <Dependent type="60" displayName="Environment Form - Capacity Tracking" parentDisplayName="Environment" id="{898bd883-98f4-4ee4-8221-29b1c39912ed}" />
      </MissingDependency>
      <MissingDependency>
        <Required type="2" schemaName="admin_environmentsku" displayName="Environment Sku" parentSchemaName="admin_environment" parentDisplayName="Environment" solution="CenterofExcellenceCoreComponents (3.38)" />
        <Dependent type="60" displayName="Environment Form - Capacity Tracking" parentDisplayName="Environment" id="{898bd883-98f4-4ee4-8221-29b1c39912ed}" />
      </MissingDependency>
      <MissingDependency>
        <Required type="2" schemaName="admin_excusefromappquarantineflow" displayName="Excuse From App Quarantine Flow" parentSchemaName="admin_environment" parentDisplayName="Environment" solution="CenterofExcellenceCoreComponents (3.38)" />
        <Dependent type="60" displayName="Environment Form - Capacity Tracking" parentDisplayName="Environment" id="{898bd883-98f4-4ee4-8221-29b1c39912ed}" />
      </MissingDependency>
      <MissingDependency>
        <Required type="2" schemaName="admin_excusefromarchivalflows" displayName="Excuse From Archival Flows" parentSchemaName="admin_environment" parentDisplayName="Environment" solution="CenterofExcellenceCoreComponents (3.38)" />
        <Dependent type="60" displayName="Environment Form - Capacity Tracking" parentDisplayName="Environment" id="{898bd883-98f4-4ee4-8221-29b1c39912ed}" />
      </MissingDependency>
      <MissingDependency>
        <Required type="2" schemaName="admin_excusefromcomplianceflow" displayName="Excuse From Compliance Flow" parentSchemaName="admin_environment" parentDisplayName="Environment" solution="CenterofExcellenceCoreComponents (3.38)" />
        <Dependent type="60" displayName="Environment Form - Capacity Tracking" parentDisplayName="Environment" id="{898bd883-98f4-4ee4-8221-29b1c39912ed}" />
      </MissingDependency>
      <MissingDependency>
        <Required type="2" schemaName="admin_maker" displayName="Environment Maker" parentSchemaName="admin_environment" parentDisplayName="Environment" solution="CenterofExcellenceCoreComponents (3.38)" />
        <Dependent type="60" displayName="Environment Form - Capacity Tracking" parentDisplayName="Environment" id="{898bd883-98f4-4ee4-8221-29b1c39912ed}" />
      </MissingDependency>
      <MissingDependency>
        <Required type="2" schemaName="admin_makerrequirementbusinessimpact" displayName="Maker Requirement - Business Impact" parentSchemaName="admin_environment" parentDisplayName="Environment" solution="CenterofExcellenceCoreComponents (3.38)" />
        <Dependent type="60" displayName="Environment Form - Capacity Tracking" parentDisplayName="Environment" id="{898bd883-98f4-4ee4-8221-29b1c39912ed}" />
      </MissingDependency>
      <MissingDependency>
        <Required type="2" schemaName="admin_makerrequirementbusinessjustification" displayName="Maker Requirement - Business Justification" parentSchemaName="admin_environment" parentDisplayName="Environment" solution="CenterofExcellenceCoreComponents (3.38)" />
        <Dependent type="60" displayName="Environment Form - Capacity Tracking" parentDisplayName="Environment" id="{898bd883-98f4-4ee4-8221-29b1c39912ed}" />
      </MissingDependency>
      <MissingDependency>
        <Required type="2" schemaName="admin_numberofapps" displayName="Number Of Apps" parentSchemaName="admin_environment" parentDisplayName="Environment" solution="CenterofExcellenceCoreComponents (3.38)" />
        <Dependent type="60" displayName="Environment Form - Capacity Tracking" parentDisplayName="Environment" id="{898bd883-98f4-4ee4-8221-29b1c39912ed}" />
      </MissingDependency>
      <MissingDependency>
        <Required type="2" schemaName="admin_numberofconnectors" displayName="Number of Custom Connectors" parentSchemaName="admin_environment" parentDisplayName="Environment" solution="CenterofExcellenceCoreComponents (3.38)" />
        <Dependent type="60" displayName="Environment Form - Capacity Tracking" parentDisplayName="Environment" id="{898bd883-98f4-4ee4-8221-29b1c39912ed}" />
      </MissingDependency>
      <MissingDependency>
        <Required type="2" schemaName="admin_numberofflows" displayName="Number Of Flows" parentSchemaName="admin_environment" parentDisplayName="Environment" solution="CenterofExcellenceCoreComponents (3.38)" />
        <Dependent type="60" displayName="Environment Form - Capacity Tracking" parentDisplayName="Environment" id="{898bd883-98f4-4ee4-8221-29b1c39912ed}" />
      </MissingDependency>
      <MissingDependency>
        <Required type="2" schemaName="admin_region" displayName="Environment Region" parentSchemaName="admin_environment" parentDisplayName="Environment" solution="CenterofExcellenceCoreComponents (3.38)" />
        <Dependent type="60" displayName="Environment Form - Capacity Tracking" parentDisplayName="Environment" id="{898bd883-98f4-4ee4-8221-29b1c39912ed}" />
      </MissingDependency>
      <MissingDependency>
        <Required type="2" schemaName="createdon" displayName="Created On" parentSchemaName="admin_environment" parentDisplayName="Environment" solution="CenterofExcellenceCoreComponents (3.38)" />
        <Dependent type="60" displayName="Environment Form - Capacity Tracking" parentDisplayName="Environment" id="{898bd883-98f4-4ee4-8221-29b1c39912ed}" />
      </MissingDependency>
      <MissingDependency>
        <Required type="2" schemaName="ownerid" displayName="Owner" parentSchemaName="admin_environment" parentDisplayName="Environment" solution="Active" />
        <Dependent type="60" displayName="Environment Form - Capacity Tracking" parentDisplayName="Environment" id="{898bd883-98f4-4ee4-8221-29b1c39912ed}" />
      </MissingDependency>
      <MissingDependency>
        <Required type="26" schemaName="Active Environment Capacities" displayName="Active Environment Capacities" parentSchemaName="admin_environmentcapacity" parentDisplayName="Environment Capacity" solution="CenterofExcellenceCoreComponents (3.38)" id="{0206fe31-9325-4cde-ba6b-b188e27e0d4f}" />
        <Dependent type="60" displayName="Environment Form - Capacity Tracking" parentDisplayName="Environment" id="{898bd883-98f4-4ee4-8221-29b1c39912ed}" />
      </MissingDependency>
      <MissingDependency>
        <Required type="26" schemaName="Active RPAS" displayName="Active RPAS" parentSchemaName="admin_rpa" parentDisplayName="Desktop flow" solution="CenterofExcellenceCoreComponents (3.38)" id="{0cd9ce03-77a7-4866-97ae-e26a45bff4e1}" />
        <Dependent type="60" displayName="Environment Form - Capacity Tracking" parentDisplayName="Environment" id="{898bd883-98f4-4ee4-8221-29b1c39912ed}" />
      </MissingDependency>
      <MissingDependency>
        <Required type="26" schemaName="Maker Lookup View" displayName="Maker Lookup View" parentSchemaName="admin_maker" parentDisplayName="Maker" solution="CenterofExcellenceCoreComponents (3.38)" id="{32cb5052-a761-447d-b592-5641a097a171}" />
        <Dependent type="60" displayName="Environment Form - Capacity Tracking" parentDisplayName="Environment" id="{898bd883-98f4-4ee4-8221-29b1c39912ed}" />
      </MissingDependency>
      <MissingDependency>
        <Required type="26" schemaName="Active Flows" displayName="Active Flows" parentSchemaName="admin_flow" parentDisplayName="Flow" solution="CenterofExcellenceCoreComponents (3.38)" id="{3b6d0cb9-b36d-4ac9-a5c4-3ff2fdd92c89}" />
        <Dependent type="60" displayName="Environment Form - Capacity Tracking" parentDisplayName="Environment" id="{898bd883-98f4-4ee4-8221-29b1c39912ed}" />
      </MissingDependency>
      <MissingDependency>
        <Required type="26" schemaName="Flows Subgrid View" displayName="Flows Subgrid View" parentSchemaName="admin_flow" parentDisplayName="Flow" solution="CenterofExcellenceCoreComponents (3.38)" id="{59e986b5-c270-e911-a833-000d3a375590}" />
        <Dependent type="60" displayName="Environment Form - Capacity Tracking" parentDisplayName="Environment" id="{898bd883-98f4-4ee4-8221-29b1c39912ed}" />
      </MissingDependency>
      <MissingDependency>
        <Required type="26" schemaName="Active Chatbots" displayName="Active Chatbots" parentSchemaName="admin_pva" parentDisplayName="PVA" solution="CenterofExcellenceCoreComponents (3.38)" id="{762c25fc-901f-4b6a-af4f-3dcd755f0630}" />
        <Dependent type="60" displayName="Environment Form - Capacity Tracking" parentDisplayName="Environment" id="{898bd883-98f4-4ee4-8221-29b1c39912ed}" />
      </MissingDependency>
      <MissingDependency>
        <Required type="26" schemaName="Custom Connectors" displayName="Custom Connectors" parentSchemaName="admin_connector" parentDisplayName="PowerApps Connector" solution="CenterofExcellenceCoreComponents (3.38)" id="{9c6f1dfe-a389-e911-a856-000d3a372932}" />
        <Dependent type="60" displayName="Environment Form - Capacity Tracking" parentDisplayName="Environment" id="{898bd883-98f4-4ee4-8221-29b1c39912ed}" />
      </MissingDependency>
      <MissingDependency>
        <Required type="26" schemaName="Active Environment Addons" displayName="Active Environment Addons" parentSchemaName="admin_environmentaddons" parentDisplayName="Environment Addons" solution="CenterofExcellenceCoreComponents (3.38)" id="{9f90a044-9e78-484f-bc2a-ccb292837870}" />
        <Dependent type="60" displayName="Environment Form - Capacity Tracking" parentDisplayName="Environment" id="{898bd883-98f4-4ee4-8221-29b1c39912ed}" />
      </MissingDependency>
      <MissingDependency>
        <Required type="26" schemaName="Active Connectors" displayName="Active Connectors" parentSchemaName="admin_connector" parentDisplayName="PowerApps Connector" solution="CenterofExcellenceCoreComponents (3.38)" id="{b245d5d0-d025-41a9-9b66-30dd3bce898d}" />
        <Dependent type="60" displayName="Environment Form - Capacity Tracking" parentDisplayName="Environment" id="{898bd883-98f4-4ee4-8221-29b1c39912ed}" />
      </MissingDependency>
      <MissingDependency>
        <Required type="26" schemaName="All Apps" displayName="All Apps" parentSchemaName="admin_app" parentDisplayName="PowerApps App" solution="CenterofExcellenceCoreComponents (3.38)" id="{c454b997-4940-436b-b2db-31f344ddc4bf}" />
        <Dependent type="60" displayName="Environment Form - Capacity Tracking" parentDisplayName="Environment" id="{898bd883-98f4-4ee4-8221-29b1c39912ed}" />
      </MissingDependency>
      <MissingDependency>
        <Required type="26" schemaName="Apps Subgrid View" displayName="Apps Subgrid View" parentSchemaName="admin_app" parentDisplayName="PowerApps App" solution="CenterofExcellenceCoreComponents (3.38)" id="{eefe7aed-996e-e911-a83d-000d3a375888}" />
        <Dependent type="60" displayName="Environment Form - Capacity Tracking" parentDisplayName="Environment" id="{898bd883-98f4-4ee4-8221-29b1c39912ed}" />
      </MissingDependency>
      <MissingDependency>
        <Required type="60" displayName="Environment Form - Capacity Tracking" parentDisplayName="Environment" solution="CenterofExcellenceCoreComponents (3.38)" id="{898bd883-98f4-4ee4-8221-29b1c39912ed}" />
        <Dependent type="60" displayName="Environment Form - Capacity Tracking" parentDisplayName="Environment" id="{898bd883-98f4-4ee4-8221-29b1c39912ed}" />
      </MissingDependency>
      <MissingDependency>
        <Required type="66" schemaName="MscrmControls.Grid.GridControl" displayName="MscrmControls.Grid.GridControl" solution="BaseCustomControlsCore (9.0.2209.4012)" />
        <Dependent type="60" displayName="Environment Form - Capacity Tracking" parentDisplayName="Environment" id="{898bd883-98f4-4ee4-8221-29b1c39912ed}" />
      </MissingDependency>
    </MissingDependencies>
  </SolutionManifest>
</ImportExportXml>