{
  "properties": {
    "connectionReferences": {
      "shared_powerplatformforadmins": {
        "runtimeSource": "embedded",
        "connection": {},
        "api": {
          "name": "shared_powerplatformforadmins"
        }
      },
      "shared_commondataserviceforapps": {
        "runtimeSource": "embedded",
        "connection": {},
        "api": {
          "name": "shared_commondataserviceforapps"
        }
      }
    },
    "definition": {
      "$schema": "https://schema.management.azure.com/providers/Microsoft.Logic/schemas/2016-06-01/workflowdefinition.json#",
      "contentVersion": "1.0.0.0",
      "parameters": {
        "$connections": {
          "defaultValue": {},
          "type": "Object"
        },
        "$authentication": {
          "defaultValue": {},
          "type": "SecureObject"
        }
      },
      "triggers": {
        "Recurrence": {
          "recurrence": {
            "frequency": "Day",
            "interval": 1
          },
          "metadata": {
            "operationMetadataId": "28ec4525-f961-4d81-8ce4-70a13fdc4735"
          },
          "type": "Recurrence"
        }
      },
      "actions": {
        "List_Environments_as_Admin": {
          "runAfter": {},
          "metadata": {
            "operationMetadataId": "38056269-954c-41d6-9dde-f48d58b45bf8"
          },
          "type": "OpenApiConnection",
          "inputs": {
            "host": {
              "connectionName": "shared_powerplatformforadmins",
              "operationId": "Get-AdminEnvironment",
              "apiId": "/providers/Microsoft.PowerApps/apis/shared_powerplatformforadmins"
            },
            "parameters": {
              "api-version": "2018-10-01",
              "$expand": "properties.capacity,properties.addons"
            },
            "authentication": "@parameters('$authentication')"
          }
        },
        "Parse_information_for_record_creation": {
          "foreach": "@outputs('List_Environments_as_Admin')?['body/value']",
          "actions": {
            "Parse_JSON_Response": {
              "runAfter": {},
              "metadata": {
                "operationMetadataId": "362c00f0-0036-4fa4-965e-3fbe71dd5bb4"
              },
              "type": "ParseJson",
              "inputs": {
                "content": "@items('Parse_information_for_record_creation')?['properties/capacity']",
                "schema": {
                  "type": "array",
                  "items": {
                    "type": "object",
                    "properties": {
                      "capacityType": {
                        "type": "string"
                      },
                      "actualConsumption": {
                        "type": "number"
                      },
                      "ratedConsumption": {
                        "type": [
                          "integer",
                          "number"
                        ]
                      },
                      "capacityUnit": {
                        "type": "string"
                      },
                      "updatedOn": {
                        "type": "string"
                      }
                    },
                    "required": [
                      "capacityType",
                      "actualConsumption",
                      "ratedConsumption",
                      "capacityUnit",
                      "updatedOn"
                    ]
                  }
                }
              }
            },
            "Filter_array_for_capacity_type_Database": {
              "runAfter": {
                "Set_variable": [
                  "Succeeded"
                ]
              },
              "metadata": {
                "operationMetadataId": "6a6a53b8-f837-45c2-ac61-b6648a5a5cee"
              },
              "type": "Query",
              "inputs": {
                "from": "@body('Parse_JSON_Response')",
                "where": "@equals(item()['capacityType'], 'Database')"
              }
            },
            "Filter_array_for_capacity_type_File": {
              "runAfter": {
                "Filter_array_for_capacity_type_Database": [
                  "Succeeded"
                ]
              },
              "metadata": {
                "operationMetadataId": "bdef8906-c97c-408d-a9f4-11a4b2b07d2b"
              },
              "type": "Query",
              "inputs": {
                "from": "@body('Parse_JSON_Response')",
                "where": "@equals(item()['capacityType'], 'File')"
              }
            },
            "Filter_array_for_capacity_type_Log": {
              "runAfter": {
                "Filter_array_for_capacity_type_File": [
                  "Succeeded"
                ]
              },
              "metadata": {
                "operationMetadataId": "37475069-4c33-452c-ab3e-0cf300799c45"
              },
              "type": "Query",
              "inputs": {
                "from": "@body('Parse_JSON_Response')",
                "where": "@equals(item()['capacityType'], 'Log')"
              }
            },
            "Get_Environment_record": {
              "runAfter": {
                "Checking_for_Default_Environment_due_to_has_different_naming_structure": [
                  "Succeeded"
                ]
              },
              "metadata": {
                "operationMetadataId": "83ac1a1b-ce36-4ea5-944d-0ef231f6c7ae"
              },
              "type": "OpenApiConnection",
              "inputs": {
                "host": {
                  "connectionName": "shared_commondataserviceforapps",
                  "operationId": "GetItem",
                  "apiId": "/providers/Microsoft.PowerApps/apis/shared_commondataserviceforapps"
                },
                "parameters": {
                  "entityName": "admin_environments",
                  "recordId": "@variables('EnvironmentID')"
                },
                "authentication": "@parameters('$authentication')"
              }
            },
            "Create_Environment_Capacity_Tracking_records": {
              "foreach": "@body('Filter_array_for_capacity_type_File')",
              "actions": {
                "Apply_to_each_4": {
                  "foreach": "@body('Filter_array_for_capacity_type_Log')",
                  "actions": {
                    "Apply_to_each_5": {
                      "foreach": "@body('Filter_array_for_capacity_type_Database')",
                      "actions": {
                        "Create_new_Environment_Capacity_Tracking_record": {
                          "runAfter": {},
                          "metadata": {
                            "operationMetadataId": "c9f9da05-e814-4df9-a0d0-709cca15c435"
                          },
                          "type": "OpenApiConnection",
                          "inputs": {
                            "host": {
                              "connectionName": "shared_commondataserviceforapps",
                              "operationId": "CreateRecord",
                              "apiId": "/providers/Microsoft.PowerApps/apis/shared_commondataserviceforapps"
                            },
                            "parameters": {
                              "entityName": "tcn_environmentcapacitytrackings",
                              "item/tcn_databasecapacity": "@items('Apply_to_each_5')?['actualConsumption']",
                              "item/tcn_Environment@odata.bind": "/admin_environments/@{outputs('Get_Environment_record')?['body/admin_environmentid']}",
                              "item/tcn_environmentid": "@variables('EnvironmentID')",
                              "item/tcn_filecapacity": "@items('Create_Environment_Capacity_Tracking_records')?['actualConsumption']",
                              "item/tcn_logcapacity": "@items('Apply_to_each_4')?['actualConsumption']"
                            },
                            "authentication": "@parameters('$authentication')"
                          }
                        }
                      },
                      "runAfter": {},
                      "metadata": {
                        "operationMetadataId": "4ab85635-ad26-4718-89f0-60a0d6ec2eaf"
                      },
                      "type": "Foreach"
                    }
                  },
                  "runAfter": {},
                  "metadata": {
                    "operationMetadataId": "016862d8-6c20-41ba-a4bb-a2dcf45fd473"
                  },
                  "type": "Foreach"
                }
              },
              "runAfter": {
                "Get_Environment_record": [
                  "Succeeded"
                ]
              },
              "metadata": {
                "operationMetadataId": "fe935da0-9d1a-48b1-839f-655fee3c2a65"
              },
              "type": "Foreach"
            },
            "Checking_for_Default_Environment_due_to_has_different_naming_structure": {
              "actions": {
                "Remove_first_8_characters_to_bring_in_line_for_lookup": {
                  "runAfter": {},
                  "metadata": {
                    "operationMetadataId": "b935606d-a77b-4907-9fe5-b2f2edf4cf0d"
                  },
                  "type": "Compose",
                  "inputs": "@substring(variables('EnvironmentID'), 8, sub(length(variables('EnvironmentID')), 8))"
                },
                "Set_EnvironmentID_variable_to_hold_default_environment_name": {
                  "runAfter": {
                    "Remove_first_8_characters_to_bring_in_line_for_lookup": [
                      "Succeeded"
                    ]
                  },
                  "metadata": {
                    "operationMetadataId": "4b9c6298-3738-46ea-970e-5237dfeca53b"
                  },
                  "type": "SetVariable",
                  "inputs": {
                    "name": "EnvironmentID",
                    "value": "@{outputs('Remove_first_8_characters_to_bring_in_line_for_lookup')}"
                  }
                }
              },
              "runAfter": {
                "Filter_array_for_capacity_type_Log": [
                  "Succeeded"
                ]
              },
              "else": {
                "actions": {
                  "Set_EnvironmentID_variable_to_hold_non-default_environment_name": {
                    "runAfter": {},
                    "metadata": {
                      "operationMetadataId": "0179716f-e42d-492b-83b4-34c5cc24a337"
                    },
                    "type": "SetVariable",
                    "inputs": {
                      "name": "EnvironmentID",
                      "value": "@items('Parse_information_for_record_creation')?['name']"
                    }
                  }
                }
              },
              "expression": {
                "startsWith": [
                  "@variables('EnvironmentID')",
                  "default-"
                ]
              },
              "metadata": {
                "operationMetadataId": "483d8f07-56d4-41d4-87c7-995bd6e9b892"
              },
              "type": "If"
            },
            "Set_variable": {
              "runAfter": {
                "Parse_JSON_Response": [
                  "Succeeded"
                ]
              },
              "metadata": {
                "operationMetadataId": "38f20d21-96d8-4b31-85dc-0e6e4e3326b8"
              },
              "type": "SetVariable",
              "inputs": {
                "name": "EnvironmentID",
                "value": "@items('Parse_information_for_record_creation')?['name']"
              }
            }
          },
          "runAfter": {
            "Initialize_variable": [
              "Succeeded"
            ]
          },
          "metadata": {
            "operationMetadataId": "8b3ef683-d880-4312-8552-50e04a45388d"
          },
          "type": "Foreach"
        },
        "Initialize_variable": {
          "runAfter": {
            "List_Environments_as_Admin": [
              "Succeeded"
            ]
          },
          "metadata": {
            "operationMetadataId": "b882bc24-a742-4f47-96b4-4b2a13f6a7a4"
          },
          "type": "InitializeVariable",
          "inputs": {
            "variables": [
              {
                "name": "EnvironmentID",
                "type": "string"
              }
            ]
          }
        }
      },
      "outputs": {}
    },
    "templateName": null
  },
  "schemaVersion": "1.0.0.0"
}